[
  {
    "id": "af575da0-849c-41f0-8a48-5053f9ee4f8a",
    "data": [
      {
        "text": "Please Order",
        "userDefined": false
      }
    ],
    "isTemplate": false,
    "count": 0,
    "lang": "en",
    "updated": 0
  },
  {
    "id": "498e61b8-eb37-4d86-a4e6-a58bf85c8af6",
    "data": [
      {
        "text": "Note my food items",
        "userDefined": false
      }
    ],
    "isTemplate": false,
    "count": 0,
    "lang": "en",
    "updated": 0
  },
  {
    "id": "370a2e4e-d592-4a4d-88ca-fdb4fc617d5f",
    "data": [
      {
        "text": "Take my order",
        "userDefined": false
      }
    ],
    "isTemplate": false,
    "count": 0,
    "lang": "en",
    "updated": 0
  },
  {
    "id": "303c44dc-5594-40e9-bfc3-8a94d3fd2cfa",
    "data": [
      {
        "text": "Place new order",
        "userDefined": false
      }
    ],
    "isTemplate": false,
    "count": 0,
    "lang": "en",
    "updated": 0
  },
  {
    "id": "99d55584-c77b-4227-8698-2124094449cd",
    "data": [
      {
        "text": "new order",
        "userDefined": false
      }
    ],
    "isTemplate": false,
    "count": 0,
    "lang": "en",
    "updated": 0
  }
]