[
  {
    "value": "chhole bhature",
    "synonyms": [
      "chhole bhature",
      "bhature chhole",
      "chole bhatoore",
      "chhole bhatoore",
      "chole batoore",
      "chhole batoore",
      "batoore chole",
      "bhature chole"
    ]
  },
  {
    "value": "Samosa",
    "synonyms": [
      "Samosa",
      "Samose",
      "mimosa",
      "saamosa"
    ]
  },
  {
    "value": "Pav Bhaji",
    "synonyms": [
      "Pav Bhaji",
      "pao bhaji",
      "bhaji pao",
      "Tawa bhaji",
      "Pao Bhaji masala"
    ]
  },
  {
    "value": "Dosa",
    "synonyms": [
      "Dosa",
      "rava dosa",
      "Suji dosa",
      "plain dosa"
    ]
  },
  {
    "value": "Pizza",
    "synonyms": [
      "Pizza",
      "pizzaa",
      "pizz",
      "pizzzza",
      "piza"
    ]
  },
  {
    "value": "Biryani",
    "synonyms": [
      "Biryani",
      "biryaaani",
      "biryaaniii"
    ]
  },
  {
    "value": "Mango Lassi",
    "synonyms": [
      "Mango Lassi",
      "mango lasi",
      "aam lassi",
      "lassi"
    ]
  },
  {
    "value": "vada pav",
    "synonyms": [
      "vada pav",
      "pao vada",
      "vada",
      "vada pao"
    ]
  }
]